<?xml version="1.0" encoding="UTF-8"?>
<project-private xmlns="http://www.netbeans.org/ns/project-private/1">
    <editor-bookmarks xmlns="http://www.netbeans.org/ns/editor-bookmarks/2" lastBookmarkId="0"/>
    <open-files xmlns="http://www.netbeans.org/ns/projectui-open-files/2">
        <group>
            <file>file:/C:/Users/ayush/Documents/project/TALcompiler/src/lexicalAnalyzer/Keyword.java</file>
            <file>file:/C:/Users/ayush/Documents/project/TALcompiler/src/errorHandler/Error.java</file>
            <file>file:/C:/Users/ayush/Documents/project/TALcompiler/src/lexicalAnalyzer/KeywordValues.java</file>
            <file>file:/C:/Users/ayush/Documents/project/TALcompiler/src/lexicalAnalyzer/LexicalAnalyzer.java</file>
            <file>file:/C:/Users/ayush/Documents/project/TALcompiler/src/symbolTable/STData.java</file>
            <file>file:/C:/Users/ayush/Documents/project/TALcompiler/src/lexicalAnalyzer/LexDriver.java</file>
        </group>
    </open-files>
</project-private>
